signal_code,signal_name,category,direction,severity,auto_fired,description,rule,metrics_used,fact_code,engine_scope,period_label,CY,PY,CQ,TTM,AVG,documents
weak_profit_quality_other_income,Weak Profit Quality: Other Income Dependency,profit_quality,NEGATIVE,HIGH,Y,Other income forms a large percentage of PBT.,other_income_to_pbt > 18,other_income_to_pbt,other_income,CURRENT,Current quarter,Y,N,N,N,N,FINANCIAL_RESULT
weak_profit_quality_other_income,Weak Profit Quality: Other Income Dependency,profit_quality,NEGATIVE,HIGH,Y,Other income forms a large percentage of PBT.,other_income_to_pbt > 18,other_income_to_pbt,pbt,CURRENT,Current quarter,Y,N,N,N,N,FINANCIAL_RESULT
elevated_other_income_share,Elevated Other Income Share,profit_quality,NEGATIVE,MEDIUM,Y,Other income is a meaningful but not dominant share of PBT.,(other_income_to_pbt > 15) AND (other_income_to_pbt < 18),other_income_to_pbt,other_income,CURRENT,Current quarter,Y,N,N,N,N,FINANCIAL_RESULT
elevated_other_income_share,Elevated Other Income Share,profit_quality,NEGATIVE,MEDIUM,Y,Other income is a meaningful but not dominant share of PBT.,(other_income_to_pbt > 15) AND (other_income_to_pbt < 18),other_income_to_pbt,pbt,CURRENT,Current quarter,Y,N,N,N,N,FINANCIAL_RESULT
margin_compression,Margin Compression,margin,NEGATIVE,MEDIUM,Y,EBITDA margin declined materially YoY.,ebitda_margin_change_yoy_bps < -75,ebitda_margin_change_yoy_bps,ebitda,CURRENT,Current quarter,Y,N,N,N,N,FINANCIAL_RESULT
margin_compression,Margin Compression,margin,NEGATIVE,MEDIUM,Y,EBITDA margin declined materially YoY.,ebitda_margin_change_yoy_bps < -75,ebitda_margin_change_yoy_bps,revenue_from_operations,CURRENT,Current quarter,Y,N,N,N,N,FINANCIAL_RESULT
margin_compression,Margin Compression,margin,NEGATIVE,MEDIUM,Y,EBITDA margin declined materially YoY.,ebitda_margin_change_yoy_bps < -75,ebitda_margin_change_yoy_bps,ebitda,PY,Prior-year same quarter,N,Y,N,N,N,FINANCIAL_RESULT
margin_compression,Margin Compression,margin,NEGATIVE,MEDIUM,Y,EBITDA margin declined materially YoY.,ebitda_margin_change_yoy_bps < -75,ebitda_margin_change_yoy_bps,revenue_from_operations,PY,Prior-year same quarter,N,Y,N,N,N,FINANCIAL_RESULT
margin_expansion,Margin Expansion,margin,POSITIVE,MEDIUM,Y,EBITDA margin expanded YoY.,ebitda_margin_change_yoy_bps > 75,ebitda_margin_change_yoy_bps,ebitda,CURRENT,Current quarter,Y,N,N,N,N,FINANCIAL_RESULT
margin_expansion,Margin Expansion,margin,POSITIVE,MEDIUM,Y,EBITDA margin expanded YoY.,ebitda_margin_change_yoy_bps > 75,ebitda_margin_change_yoy_bps,revenue_from_operations,CURRENT,Current quarter,Y,N,N,N,N,FINANCIAL_RESULT
margin_expansion,Margin Expansion,margin,POSITIVE,MEDIUM,Y,EBITDA margin expanded YoY.,ebitda_margin_change_yoy_bps > 75,ebitda_margin_change_yoy_bps,ebitda,PY,Prior-year same quarter,N,Y,N,N,N,FINANCIAL_RESULT
margin_expansion,Margin Expansion,margin,POSITIVE,MEDIUM,Y,EBITDA margin expanded YoY.,ebitda_margin_change_yoy_bps > 75,ebitda_margin_change_yoy_bps,revenue_from_operations,PY,Prior-year same quarter,N,Y,N,N,N,FINANCIAL_RESULT
revenue_acceleration,Revenue Growth Acceleration,growth,POSITIVE,MEDIUM,Y,Revenue YoY growth above 12%.,revenue_yoy_growth > 12,revenue_yoy_growth,revenue_from_operations,CURRENT,Current quarter,Y,N,N,N,N,FINANCIAL_RESULT
revenue_acceleration,Revenue Growth Acceleration,growth,POSITIVE,MEDIUM,Y,Revenue YoY growth above 12%.,revenue_yoy_growth > 12,revenue_yoy_growth,revenue_from_operations,PY,Prior-year same quarter,N,Y,N,N,N,FINANCIAL_RESULT
modest_revenue_growth,Modest Revenue Growth,growth,POSITIVE,LOW,Y,Revenue growing YoY but below acceleration tier.,(revenue_yoy_growth > 0) AND (revenue_yoy_growth < 12),revenue_yoy_growth,revenue_from_operations,CURRENT,Current quarter,Y,N,N,N,N,FINANCIAL_RESULT
modest_revenue_growth,Modest Revenue Growth,growth,POSITIVE,LOW,Y,Revenue growing YoY but below acceleration tier.,(revenue_yoy_growth > 0) AND (revenue_yoy_growth < 12),revenue_yoy_growth,revenue_from_operations,PY,Prior-year same quarter,N,Y,N,N,N,FINANCIAL_RESULT
revenue_deceleration,Revenue Growth Deceleration,growth,NEGATIVE,MEDIUM,Y,Revenue YoY growth positive but slowing materially.,(revenue_yoy_growth > 0) AND (revenue_yoy_growth < 5),revenue_yoy_growth,revenue_from_operations,CURRENT,Current quarter,Y,N,N,N,N,FINANCIAL_RESULT
revenue_deceleration,Revenue Growth Deceleration,growth,NEGATIVE,MEDIUM,Y,Revenue YoY growth positive but slowing materially.,(revenue_yoy_growth > 0) AND (revenue_yoy_growth < 5),revenue_yoy_growth,revenue_from_operations,PY,Prior-year same quarter,N,Y,N,N,N,FINANCIAL_RESULT
revenue_contraction,Revenue Contraction,growth,NEGATIVE,HIGH,Y,Revenue YoY growth turned negative.,revenue_yoy_growth < 0,revenue_yoy_growth,revenue_from_operations,CURRENT,Current quarter,Y,N,N,N,N,FINANCIAL_RESULT
revenue_contraction,Revenue Contraction,growth,NEGATIVE,HIGH,Y,Revenue YoY growth turned negative.,revenue_yoy_growth < 0,revenue_yoy_growth,revenue_from_operations,PY,Prior-year same quarter,N,Y,N,N,N,FINANCIAL_RESULT
finance_cost_pressure,Finance Cost Pressure,expense,NEGATIVE,HIGH,Y,Finance costs absorb a heavy share of EBITDA.,finance_cost_burden > 22,finance_cost_burden,finance_cost,CURRENT,Current quarter,Y,N,N,N,N,FINANCIAL_RESULT
finance_cost_pressure,Finance Cost Pressure,expense,NEGATIVE,HIGH,Y,Finance costs absorb a heavy share of EBITDA.,finance_cost_burden > 22,finance_cost_burden,ebitda,CURRENT,Current quarter,Y,N,N,N,N,FINANCIAL_RESULT
pat_decline_despite_revenue_growth,PAT Down Despite Revenue Growth,earnings_quality,NEGATIVE,HIGH,Y,PAT contracted YoY while revenue grew.,(pat_growth_yoy < 0) AND (revenue_yoy_growth > 0),pat_growth_yoy|revenue_yoy_growth,pat,CURRENT,Current quarter,Y,N,N,N,N,FINANCIAL_RESULT
pat_decline_despite_revenue_growth,PAT Down Despite Revenue Growth,earnings_quality,NEGATIVE,HIGH,Y,PAT contracted YoY while revenue grew.,(pat_growth_yoy < 0) AND (revenue_yoy_growth > 0),pat_growth_yoy|revenue_yoy_growth,pat,PY,Prior-year same quarter,N,Y,N,N,N,FINANCIAL_RESULT
pat_decline_despite_revenue_growth,PAT Down Despite Revenue Growth,earnings_quality,NEGATIVE,HIGH,Y,PAT contracted YoY while revenue grew.,(pat_growth_yoy < 0) AND (revenue_yoy_growth > 0),pat_growth_yoy|revenue_yoy_growth,revenue_from_operations,CURRENT,Current quarter,Y,N,N,N,N,FINANCIAL_RESULT
pat_decline_despite_revenue_growth,PAT Down Despite Revenue Growth,earnings_quality,NEGATIVE,HIGH,Y,PAT contracted YoY while revenue grew.,(pat_growth_yoy < 0) AND (revenue_yoy_growth > 0),pat_growth_yoy|revenue_yoy_growth,revenue_from_operations,PY,Prior-year same quarter,N,Y,N,N,N,FINANCIAL_RESULT
dirty_beat,Dirty Beat,earnings_quality,MIXED,HIGH,Y,PAT growth flattered by other income or exceptional items.,(pat_growth_yoy > 10) AND ((other_income_to_pbt > 18) OR (exceptional_to_pat > 15)),exceptional_to_pat|other_income_to_pbt|pat_growth_yoy,exceptional_items,CURRENT,Current quarter,Y,N,N,N,N,FINANCIAL_RESULT
dirty_beat,Dirty Beat,earnings_quality,MIXED,HIGH,Y,PAT growth flattered by other income or exceptional items.,(pat_growth_yoy > 10) AND ((other_income_to_pbt > 18) OR (exceptional_to_pat > 15)),exceptional_to_pat|other_income_to_pbt|pat_growth_yoy,pat,CURRENT,Current quarter,Y,N,N,N,N,FINANCIAL_RESULT
dirty_beat,Dirty Beat,earnings_quality,MIXED,HIGH,Y,PAT growth flattered by other income or exceptional items.,(pat_growth_yoy > 10) AND ((other_income_to_pbt > 18) OR (exceptional_to_pat > 15)),exceptional_to_pat|other_income_to_pbt|pat_growth_yoy,other_income,CURRENT,Current quarter,Y,N,N,N,N,FINANCIAL_RESULT
dirty_beat,Dirty Beat,earnings_quality,MIXED,HIGH,Y,PAT growth flattered by other income or exceptional items.,(pat_growth_yoy > 10) AND ((other_income_to_pbt > 18) OR (exceptional_to_pat > 15)),exceptional_to_pat|other_income_to_pbt|pat_growth_yoy,pbt,CURRENT,Current quarter,Y,N,N,N,N,FINANCIAL_RESULT
dirty_beat,Dirty Beat,earnings_quality,MIXED,HIGH,Y,PAT growth flattered by other income or exceptional items.,(pat_growth_yoy > 10) AND ((other_income_to_pbt > 18) OR (exceptional_to_pat > 15)),exceptional_to_pat|other_income_to_pbt|pat_growth_yoy,pat,PY,Prior-year same quarter,N,Y,N,N,N,FINANCIAL_RESULT
clean_beat,Clean Beat,earnings_quality,POSITIVE,HIGH,Y,"Revenue, EBITDA, and PAT all up YoY with healthy other-income share.",(revenue_yoy_growth > 8) AND (ebitda_growth_yoy > 8) AND (pat_growth_yoy > 8) AND (other_income_to_pbt < 15),ebitda_growth_yoy|other_income_to_pbt|pat_growth_yoy|revenue_yoy_growth,ebitda,CURRENT,Current quarter,Y,N,N,N,N,FINANCIAL_RESULT
clean_beat,Clean Beat,earnings_quality,POSITIVE,HIGH,Y,"Revenue, EBITDA, and PAT all up YoY with healthy other-income share.",(revenue_yoy_growth > 8) AND (ebitda_growth_yoy > 8) AND (pat_growth_yoy > 8) AND (other_income_to_pbt < 15),ebitda_growth_yoy|other_income_to_pbt|pat_growth_yoy|revenue_yoy_growth,ebitda,PY,Prior-year same quarter,N,Y,N,N,N,FINANCIAL_RESULT
clean_beat,Clean Beat,earnings_quality,POSITIVE,HIGH,Y,"Revenue, EBITDA, and PAT all up YoY with healthy other-income share.",(revenue_yoy_growth > 8) AND (ebitda_growth_yoy > 8) AND (pat_growth_yoy > 8) AND (other_income_to_pbt < 15),ebitda_growth_yoy|other_income_to_pbt|pat_growth_yoy|revenue_yoy_growth,other_income,CURRENT,Current quarter,Y,N,N,N,N,FINANCIAL_RESULT
clean_beat,Clean Beat,earnings_quality,POSITIVE,HIGH,Y,"Revenue, EBITDA, and PAT all up YoY with healthy other-income share.",(revenue_yoy_growth > 8) AND (ebitda_growth_yoy > 8) AND (pat_growth_yoy > 8) AND (other_income_to_pbt < 15),ebitda_growth_yoy|other_income_to_pbt|pat_growth_yoy|revenue_yoy_growth,pbt,CURRENT,Current quarter,Y,N,N,N,N,FINANCIAL_RESULT
clean_beat,Clean Beat,earnings_quality,POSITIVE,HIGH,Y,"Revenue, EBITDA, and PAT all up YoY with healthy other-income share.",(revenue_yoy_growth > 8) AND (ebitda_growth_yoy > 8) AND (pat_growth_yoy > 8) AND (other_income_to_pbt < 15),ebitda_growth_yoy|other_income_to_pbt|pat_growth_yoy|revenue_yoy_growth,pat,CURRENT,Current quarter,Y,N,N,N,N,FINANCIAL_RESULT
clean_beat,Clean Beat,earnings_quality,POSITIVE,HIGH,Y,"Revenue, EBITDA, and PAT all up YoY with healthy other-income share.",(revenue_yoy_growth > 8) AND (ebitda_growth_yoy > 8) AND (pat_growth_yoy > 8) AND (other_income_to_pbt < 15),ebitda_growth_yoy|other_income_to_pbt|pat_growth_yoy|revenue_yoy_growth,pat,PY,Prior-year same quarter,N,Y,N,N,N,FINANCIAL_RESULT
clean_beat,Clean Beat,earnings_quality,POSITIVE,HIGH,Y,"Revenue, EBITDA, and PAT all up YoY with healthy other-income share.",(revenue_yoy_growth > 8) AND (ebitda_growth_yoy > 8) AND (pat_growth_yoy > 8) AND (other_income_to_pbt < 15),ebitda_growth_yoy|other_income_to_pbt|pat_growth_yoy|revenue_yoy_growth,revenue_from_operations,CURRENT,Current quarter,Y,N,N,N,N,FINANCIAL_RESULT
clean_beat,Clean Beat,earnings_quality,POSITIVE,HIGH,Y,"Revenue, EBITDA, and PAT all up YoY with healthy other-income share.",(revenue_yoy_growth > 8) AND (ebitda_growth_yoy > 8) AND (pat_growth_yoy > 8) AND (other_income_to_pbt < 15),ebitda_growth_yoy|other_income_to_pbt|pat_growth_yoy|revenue_yoy_growth,revenue_from_operations,PY,Prior-year same quarter,N,Y,N,N,N,FINANCIAL_RESULT
strong_cash_conversion,Strong Cash Conversion,cash_quality,POSITIVE,MEDIUM,Y,CFO materially exceeds PAT — earnings backed by cash.,cfo_to_pat > 1.0,cfo_to_pat,cfo,CURRENT,Current quarter,Y,N,N,N,N,FINANCIAL_RESULT
strong_cash_conversion,Strong Cash Conversion,cash_quality,POSITIVE,MEDIUM,Y,CFO materially exceeds PAT — earnings backed by cash.,cfo_to_pat > 1.0,cfo_to_pat,pat,CURRENT,Current quarter,Y,N,N,N,N,FINANCIAL_RESULT
weak_cash_conversion,Weak Cash Conversion,cash_quality,NEGATIVE,HIGH,Y,CFO fails to cover PAT — earnings quality concern.,cfo_to_pat < 0.5,cfo_to_pat,cfo,CURRENT,Current quarter,Y,N,N,N,N,FINANCIAL_RESULT
weak_cash_conversion,Weak Cash Conversion,cash_quality,NEGATIVE,HIGH,Y,CFO fails to cover PAT — earnings quality concern.,cfo_to_pat < 0.5,cfo_to_pat,pat,CURRENT,Current quarter,Y,N,N,N,N,FINANCIAL_RESULT
healthy_pat_margin,Healthy PAT Margin,margin,POSITIVE,MEDIUM,Y,PAT margin above 12% for the quarter.,pat_margin > 12,pat_margin,pat,CURRENT,Current quarter,Y,N,N,N,N,FINANCIAL_RESULT
healthy_pat_margin,Healthy PAT Margin,margin,POSITIVE,MEDIUM,Y,PAT margin above 12% for the quarter.,pat_margin > 12,pat_margin,revenue_from_operations,CURRENT,Current quarter,Y,N,N,N,N,FINANCIAL_RESULT
thin_pat_margin,Thin PAT Margin,margin,NEGATIVE,MEDIUM,Y,PAT margin below 8% for the quarter.,pat_margin < 8,pat_margin,pat,CURRENT,Current quarter,Y,N,N,N,N,FINANCIAL_RESULT
thin_pat_margin,Thin PAT Margin,margin,NEGATIVE,MEDIUM,Y,PAT margin below 8% for the quarter.,pat_margin < 8,pat_margin,revenue_from_operations,CURRENT,Current quarter,Y,N,N,N,N,FINANCIAL_RESULT
high_effective_tax_rate,High Effective Tax Rate,profit_quality,NEGATIVE,MEDIUM,Y,Effective tax rate above 28% of PBT.,effective_tax_rate > 28,effective_tax_rate,tax_expense,CURRENT,Current quarter,Y,N,N,N,N,FINANCIAL_RESULT
high_effective_tax_rate,High Effective Tax Rate,profit_quality,NEGATIVE,MEDIUM,Y,Effective tax rate above 28% of PBT.,effective_tax_rate > 28,effective_tax_rate,pbt,CURRENT,Current quarter,Y,N,N,N,N,FINANCIAL_RESULT
revenue_growth_qoq,Revenue Growth (QoQ),growth,POSITIVE,MEDIUM,Y,Revenue grew more than 5% versus the prior quarter.,revenue_qoq_growth > 5,revenue_qoq_growth,revenue_from_operations,CURRENT,Current quarter,Y,N,N,N,N,FINANCIAL_RESULT
revenue_growth_qoq,Revenue Growth (QoQ),growth,POSITIVE,MEDIUM,Y,Revenue grew more than 5% versus the prior quarter.,revenue_qoq_growth > 5,revenue_qoq_growth,revenue_from_operations,PQ,Prior quarter,N,N,Y,N,N,FINANCIAL_RESULT
revenue_decline_qoq,Revenue Decline (QoQ),growth,NEGATIVE,MEDIUM,Y,Revenue contracted versus the prior quarter.,revenue_qoq_growth < 0,revenue_qoq_growth,revenue_from_operations,CURRENT,Current quarter,Y,N,N,N,N,FINANCIAL_RESULT
revenue_decline_qoq,Revenue Decline (QoQ),growth,NEGATIVE,MEDIUM,Y,Revenue contracted versus the prior quarter.,revenue_qoq_growth < 0,revenue_qoq_growth,revenue_from_operations,PQ,Prior quarter,N,N,Y,N,N,FINANCIAL_RESULT
low_quality_growth,Low-Quality Growth,cash_quality,NEGATIVE,HIGH,Y,Revenue growing but cash conversion weak or receivables growing far faster than revenue.,(revenue_yoy_growth > 8) AND ((cfo_to_pat < 0.6) OR (receivables_growth_minus_revenue_growth_bps > 1500)),cfo_to_pat|receivables_growth_minus_revenue_growth_bps|revenue_yoy_growth,cfo,CURRENT,Current quarter,Y,N,N,N,N,FINANCIAL_RESULT
low_quality_growth,Low-Quality Growth,cash_quality,NEGATIVE,HIGH,Y,Revenue growing but cash conversion weak or receivables growing far faster than revenue.,(revenue_yoy_growth > 8) AND ((cfo_to_pat < 0.6) OR (receivables_growth_minus_revenue_growth_bps > 1500)),cfo_to_pat|receivables_growth_minus_revenue_growth_bps|revenue_yoy_growth,pat,CURRENT,Current quarter,Y,N,N,N,N,FINANCIAL_RESULT
low_quality_growth,Low-Quality Growth,cash_quality,NEGATIVE,HIGH,Y,Revenue growing but cash conversion weak or receivables growing far faster than revenue.,(revenue_yoy_growth > 8) AND ((cfo_to_pat < 0.6) OR (receivables_growth_minus_revenue_growth_bps > 1500)),cfo_to_pat|receivables_growth_minus_revenue_growth_bps|revenue_yoy_growth,trade_receivables,CURRENT,Current quarter,Y,N,N,N,N,FINANCIAL_RESULT
low_quality_growth,Low-Quality Growth,cash_quality,NEGATIVE,HIGH,Y,Revenue growing but cash conversion weak or receivables growing far faster than revenue.,(revenue_yoy_growth > 8) AND ((cfo_to_pat < 0.6) OR (receivables_growth_minus_revenue_growth_bps > 1500)),cfo_to_pat|receivables_growth_minus_revenue_growth_bps|revenue_yoy_growth,trade_receivables,PY,Prior-year same quarter,N,Y,N,N,N,FINANCIAL_RESULT
low_quality_growth,Low-Quality Growth,cash_quality,NEGATIVE,HIGH,Y,Revenue growing but cash conversion weak or receivables growing far faster than revenue.,(revenue_yoy_growth > 8) AND ((cfo_to_pat < 0.6) OR (receivables_growth_minus_revenue_growth_bps > 1500)),cfo_to_pat|receivables_growth_minus_revenue_growth_bps|revenue_yoy_growth,revenue_from_operations,CURRENT,Current quarter,Y,N,N,N,N,FINANCIAL_RESULT
low_quality_growth,Low-Quality Growth,cash_quality,NEGATIVE,HIGH,Y,Revenue growing but cash conversion weak or receivables growing far faster than revenue.,(revenue_yoy_growth > 8) AND ((cfo_to_pat < 0.6) OR (receivables_growth_minus_revenue_growth_bps > 1500)),cfo_to_pat|receivables_growth_minus_revenue_growth_bps|revenue_yoy_growth,revenue_from_operations,PY,Prior-year same quarter,N,Y,N,N,N,FINANCIAL_RESULT
high_quality_growth,High-Quality Growth,cash_quality,POSITIVE,HIGH,Y,"Revenue + margin up, cash conversion strong, receivables tame.",(revenue_yoy_growth > 8) AND (ebitda_margin_change_yoy_bps > 0) AND (cfo_to_pat > 0.8) AND (receivables_growth_minus_revenue_growth_bps < 500),cfo_to_pat|ebitda_margin_change_yoy_bps|receivables_growth_minus_revenue_growth_bps|revenue_yoy_growth,cfo,CURRENT,Current quarter,Y,N,N,N,N,FINANCIAL_RESULT
high_quality_growth,High-Quality Growth,cash_quality,POSITIVE,HIGH,Y,"Revenue + margin up, cash conversion strong, receivables tame.",(revenue_yoy_growth > 8) AND (ebitda_margin_change_yoy_bps > 0) AND (cfo_to_pat > 0.8) AND (receivables_growth_minus_revenue_growth_bps < 500),cfo_to_pat|ebitda_margin_change_yoy_bps|receivables_growth_minus_revenue_growth_bps|revenue_yoy_growth,pat,CURRENT,Current quarter,Y,N,N,N,N,FINANCIAL_RESULT
high_quality_growth,High-Quality Growth,cash_quality,POSITIVE,HIGH,Y,"Revenue + margin up, cash conversion strong, receivables tame.",(revenue_yoy_growth > 8) AND (ebitda_margin_change_yoy_bps > 0) AND (cfo_to_pat > 0.8) AND (receivables_growth_minus_revenue_growth_bps < 500),cfo_to_pat|ebitda_margin_change_yoy_bps|receivables_growth_minus_revenue_growth_bps|revenue_yoy_growth,ebitda,CURRENT,Current quarter,Y,N,N,N,N,FINANCIAL_RESULT
high_quality_growth,High-Quality Growth,cash_quality,POSITIVE,HIGH,Y,"Revenue + margin up, cash conversion strong, receivables tame.",(revenue_yoy_growth > 8) AND (ebitda_margin_change_yoy_bps > 0) AND (cfo_to_pat > 0.8) AND (receivables_growth_minus_revenue_growth_bps < 500),cfo_to_pat|ebitda_margin_change_yoy_bps|receivables_growth_minus_revenue_growth_bps|revenue_yoy_growth,revenue_from_operations,CURRENT,Current quarter,Y,N,N,N,N,FINANCIAL_RESULT
high_quality_growth,High-Quality Growth,cash_quality,POSITIVE,HIGH,Y,"Revenue + margin up, cash conversion strong, receivables tame.",(revenue_yoy_growth > 8) AND (ebitda_margin_change_yoy_bps > 0) AND (cfo_to_pat > 0.8) AND (receivables_growth_minus_revenue_growth_bps < 500),cfo_to_pat|ebitda_margin_change_yoy_bps|receivables_growth_minus_revenue_growth_bps|revenue_yoy_growth,ebitda,PY,Prior-year same quarter,N,Y,N,N,N,FINANCIAL_RESULT
high_quality_growth,High-Quality Growth,cash_quality,POSITIVE,HIGH,Y,"Revenue + margin up, cash conversion strong, receivables tame.",(revenue_yoy_growth > 8) AND (ebitda_margin_change_yoy_bps > 0) AND (cfo_to_pat > 0.8) AND (receivables_growth_minus_revenue_growth_bps < 500),cfo_to_pat|ebitda_margin_change_yoy_bps|receivables_growth_minus_revenue_growth_bps|revenue_yoy_growth,revenue_from_operations,PY,Prior-year same quarter,N,Y,N,N,N,FINANCIAL_RESULT
high_quality_growth,High-Quality Growth,cash_quality,POSITIVE,HIGH,Y,"Revenue + margin up, cash conversion strong, receivables tame.",(revenue_yoy_growth > 8) AND (ebitda_margin_change_yoy_bps > 0) AND (cfo_to_pat > 0.8) AND (receivables_growth_minus_revenue_growth_bps < 500),cfo_to_pat|ebitda_margin_change_yoy_bps|receivables_growth_minus_revenue_growth_bps|revenue_yoy_growth,trade_receivables,CURRENT,Current quarter,Y,N,N,N,N,FINANCIAL_RESULT
high_quality_growth,High-Quality Growth,cash_quality,POSITIVE,HIGH,Y,"Revenue + margin up, cash conversion strong, receivables tame.",(revenue_yoy_growth > 8) AND (ebitda_margin_change_yoy_bps > 0) AND (cfo_to_pat > 0.8) AND (receivables_growth_minus_revenue_growth_bps < 500),cfo_to_pat|ebitda_margin_change_yoy_bps|receivables_growth_minus_revenue_growth_bps|revenue_yoy_growth,trade_receivables,PY,Prior-year same quarter,N,Y,N,N,N,FINANCIAL_RESULT
channel_stuffing_risk,Channel-Stuffing Risk,earnings_quality,NEGATIVE,HIGH,Y,Receivables growing materially faster than revenue.,receivables_growth_minus_revenue_growth_bps > 1500,receivables_growth_minus_revenue_growth_bps,trade_receivables,CURRENT,Current quarter,Y,N,N,N,N,FINANCIAL_RESULT
channel_stuffing_risk,Channel-Stuffing Risk,earnings_quality,NEGATIVE,HIGH,Y,Receivables growing materially faster than revenue.,receivables_growth_minus_revenue_growth_bps > 1500,receivables_growth_minus_revenue_growth_bps,trade_receivables,PY,Prior-year same quarter,N,Y,N,N,N,FINANCIAL_RESULT
channel_stuffing_risk,Channel-Stuffing Risk,earnings_quality,NEGATIVE,HIGH,Y,Receivables growing materially faster than revenue.,receivables_growth_minus_revenue_growth_bps > 1500,receivables_growth_minus_revenue_growth_bps,revenue_from_operations,CURRENT,Current quarter,Y,N,N,N,N,FINANCIAL_RESULT
channel_stuffing_risk,Channel-Stuffing Risk,earnings_quality,NEGATIVE,HIGH,Y,Receivables growing materially faster than revenue.,receivables_growth_minus_revenue_growth_bps > 1500,receivables_growth_minus_revenue_growth_bps,revenue_from_operations,PY,Prior-year same quarter,N,Y,N,N,N,FINANCIAL_RESULT
working_capital_stress,Working Capital Stress,working_capital,NEGATIVE,MEDIUM,Y,Cash conversion cycle expanded materially.,cash_conversion_cycle > 90,cash_conversion_cycle,trade_receivables,AVG_2_OPENING_CLOSING,Avg opening/closing (CY+PY),Y,Y,N,N,Y,FINANCIAL_RESULT
working_capital_stress,Working Capital Stress,working_capital,NEGATIVE,MEDIUM,Y,Cash conversion cycle expanded materially.,cash_conversion_cycle > 90,cash_conversion_cycle,revenue_from_operations,CURRENT,Current quarter,Y,N,N,N,N,FINANCIAL_RESULT
working_capital_stress,Working Capital Stress,working_capital,NEGATIVE,MEDIUM,Y,Cash conversion cycle expanded materially.,cash_conversion_cycle > 90,cash_conversion_cycle,inventory,AVG_2_OPENING_CLOSING,Avg opening/closing (CY+PY),Y,Y,N,N,Y,FINANCIAL_RESULT
working_capital_stress,Working Capital Stress,working_capital,NEGATIVE,MEDIUM,Y,Cash conversion cycle expanded materially.,cash_conversion_cycle > 90,cash_conversion_cycle,cogs,CURRENT,Current quarter,Y,N,N,N,N,FINANCIAL_RESULT
working_capital_stress,Working Capital Stress,working_capital,NEGATIVE,MEDIUM,Y,Cash conversion cycle expanded materially.,cash_conversion_cycle > 90,cash_conversion_cycle,trade_payables,AVG_2_OPENING_CLOSING,Avg opening/closing (CY+PY),Y,Y,N,N,Y,FINANCIAL_RESULT
fcf_positive,FCF Positive,cashflow,POSITIVE,MEDIUM,Y,Free cash flow turned positive.,fcf > 0,fcf,cfo,CURRENT,Current quarter,Y,N,N,N,N,FINANCIAL_RESULT
fcf_positive,FCF Positive,cashflow,POSITIVE,MEDIUM,Y,Free cash flow turned positive.,fcf > 0,fcf,capex_ppe,CURRENT,Current quarter,Y,N,N,N,N,FINANCIAL_RESULT
fcf_positive,FCF Positive,cashflow,POSITIVE,MEDIUM,Y,Free cash flow turned positive.,fcf > 0,fcf,capex_intangibles,CURRENT,Current quarter,Y,N,N,N,N,FINANCIAL_RESULT
fcf_negative,FCF Negative,cashflow,NEGATIVE,MEDIUM,Y,Free cash flow turned negative this period.,fcf < 0,fcf,cfo,CURRENT,Current quarter,Y,N,N,N,N,FINANCIAL_RESULT
fcf_negative,FCF Negative,cashflow,NEGATIVE,MEDIUM,Y,Free cash flow turned negative this period.,fcf < 0,fcf,capex_ppe,CURRENT,Current quarter,Y,N,N,N,N,FINANCIAL_RESULT
fcf_negative,FCF Negative,cashflow,NEGATIVE,MEDIUM,Y,Free cash flow turned negative this period.,fcf < 0,fcf,capex_intangibles,CURRENT,Current quarter,Y,N,N,N,N,FINANCIAL_RESULT
leverage_risk,Leverage Risk,debt,NEGATIVE,HIGH,Y,Net debt to EBITDA above 3x.,net_debt_to_ebitda > 3,net_debt_to_ebitda,short_term_borrowings,CURRENT,Current quarter,Y,N,N,N,N,FINANCIAL_RESULT
leverage_risk,Leverage Risk,debt,NEGATIVE,HIGH,Y,Net debt to EBITDA above 3x.,net_debt_to_ebitda > 3,net_debt_to_ebitda,long_term_borrowings,CURRENT,Current quarter,Y,N,N,N,N,FINANCIAL_RESULT
leverage_risk,Leverage Risk,debt,NEGATIVE,HIGH,Y,Net debt to EBITDA above 3x.,net_debt_to_ebitda > 3,net_debt_to_ebitda,lease_liabilities,CURRENT,Current quarter,Y,N,N,N,N,FINANCIAL_RESULT
leverage_risk,Leverage Risk,debt,NEGATIVE,HIGH,Y,Net debt to EBITDA above 3x.,net_debt_to_ebitda > 3,net_debt_to_ebitda,cash_and_equivalents,CURRENT,Current quarter,Y,N,N,N,N,FINANCIAL_RESULT
leverage_risk,Leverage Risk,debt,NEGATIVE,HIGH,Y,Net debt to EBITDA above 3x.,net_debt_to_ebitda > 3,net_debt_to_ebitda,current_investments,CURRENT,Current quarter,Y,N,N,N,N,FINANCIAL_RESULT
leverage_risk,Leverage Risk,debt,NEGATIVE,HIGH,Y,Net debt to EBITDA above 3x.,net_debt_to_ebitda > 3,net_debt_to_ebitda,ebitda,TTM,Trailing 4 quarters,N,N,N,Y,N,FINANCIAL_RESULT
deleveraging,Deleveraging,debt,POSITIVE,MEDIUM,Y,Net debt to EBITDA below 1x — comfortable solvency.,net_debt_to_ebitda < 1,net_debt_to_ebitda,short_term_borrowings,CURRENT,Current quarter,Y,N,N,N,N,FINANCIAL_RESULT
deleveraging,Deleveraging,debt,POSITIVE,MEDIUM,Y,Net debt to EBITDA below 1x — comfortable solvency.,net_debt_to_ebitda < 1,net_debt_to_ebitda,long_term_borrowings,CURRENT,Current quarter,Y,N,N,N,N,FINANCIAL_RESULT
deleveraging,Deleveraging,debt,POSITIVE,MEDIUM,Y,Net debt to EBITDA below 1x — comfortable solvency.,net_debt_to_ebitda < 1,net_debt_to_ebitda,lease_liabilities,CURRENT,Current quarter,Y,N,N,N,N,FINANCIAL_RESULT
deleveraging,Deleveraging,debt,POSITIVE,MEDIUM,Y,Net debt to EBITDA below 1x — comfortable solvency.,net_debt_to_ebitda < 1,net_debt_to_ebitda,cash_and_equivalents,CURRENT,Current quarter,Y,N,N,N,N,FINANCIAL_RESULT
deleveraging,Deleveraging,debt,POSITIVE,MEDIUM,Y,Net debt to EBITDA below 1x — comfortable solvency.,net_debt_to_ebitda < 1,net_debt_to_ebitda,current_investments,CURRENT,Current quarter,Y,N,N,N,N,FINANCIAL_RESULT
deleveraging,Deleveraging,debt,POSITIVE,MEDIUM,Y,Net debt to EBITDA below 1x — comfortable solvency.,net_debt_to_ebitda < 1,net_debt_to_ebitda,ebitda,TTM,Trailing 4 quarters,N,N,N,Y,N,FINANCIAL_RESULT
interest_coverage_weakness,Interest Coverage Weakness,debt,NEGATIVE,HIGH,Y,Interest coverage below 3x.,interest_coverage < 2.5,interest_coverage,ebitda,CURRENT,Current quarter,Y,N,N,N,N,FINANCIAL_RESULT
interest_coverage_weakness,Interest Coverage Weakness,debt,NEGATIVE,HIGH,Y,Interest coverage below 3x.,interest_coverage < 2.5,interest_coverage,finance_cost,CURRENT,Current quarter,Y,N,N,N,N,FINANCIAL_RESULT
interest_coverage_improvement,Interest Coverage Improvement,debt,POSITIVE,MEDIUM,Y,Interest coverage comfortably above 8x.,interest_coverage > 8,interest_coverage,ebitda,CURRENT,Current quarter,Y,N,N,N,N,FINANCIAL_RESULT
interest_coverage_improvement,Interest Coverage Improvement,debt,POSITIVE,MEDIUM,Y,Interest coverage comfortably above 8x.,interest_coverage > 8,interest_coverage,finance_cost,CURRENT,Current quarter,Y,N,N,N,N,FINANCIAL_RESULT
debt_funded_growth,Debt-Funded Growth,debt,NEGATIVE,HIGH,Y,Revenue growth + leverage up + interest coverage low.,(revenue_yoy_growth > 8) AND (net_debt_to_ebitda > 2.5) AND (interest_coverage < 4),interest_coverage|net_debt_to_ebitda|revenue_yoy_growth,ebitda,CURRENT,Current quarter,Y,N,N,N,N,FINANCIAL_RESULT
debt_funded_growth,Debt-Funded Growth,debt,NEGATIVE,HIGH,Y,Revenue growth + leverage up + interest coverage low.,(revenue_yoy_growth > 8) AND (net_debt_to_ebitda > 2.5) AND (interest_coverage < 4),interest_coverage|net_debt_to_ebitda|revenue_yoy_growth,finance_cost,CURRENT,Current quarter,Y,N,N,N,N,FINANCIAL_RESULT
debt_funded_growth,Debt-Funded Growth,debt,NEGATIVE,HIGH,Y,Revenue growth + leverage up + interest coverage low.,(revenue_yoy_growth > 8) AND (net_debt_to_ebitda > 2.5) AND (interest_coverage < 4),interest_coverage|net_debt_to_ebitda|revenue_yoy_growth,short_term_borrowings,CURRENT,Current quarter,Y,N,N,N,N,FINANCIAL_RESULT
debt_funded_growth,Debt-Funded Growth,debt,NEGATIVE,HIGH,Y,Revenue growth + leverage up + interest coverage low.,(revenue_yoy_growth > 8) AND (net_debt_to_ebitda > 2.5) AND (interest_coverage < 4),interest_coverage|net_debt_to_ebitda|revenue_yoy_growth,long_term_borrowings,CURRENT,Current quarter,Y,N,N,N,N,FINANCIAL_RESULT
debt_funded_growth,Debt-Funded Growth,debt,NEGATIVE,HIGH,Y,Revenue growth + leverage up + interest coverage low.,(revenue_yoy_growth > 8) AND (net_debt_to_ebitda > 2.5) AND (interest_coverage < 4),interest_coverage|net_debt_to_ebitda|revenue_yoy_growth,lease_liabilities,CURRENT,Current quarter,Y,N,N,N,N,FINANCIAL_RESULT
debt_funded_growth,Debt-Funded Growth,debt,NEGATIVE,HIGH,Y,Revenue growth + leverage up + interest coverage low.,(revenue_yoy_growth > 8) AND (net_debt_to_ebitda > 2.5) AND (interest_coverage < 4),interest_coverage|net_debt_to_ebitda|revenue_yoy_growth,cash_and_equivalents,CURRENT,Current quarter,Y,N,N,N,N,FINANCIAL_RESULT
debt_funded_growth,Debt-Funded Growth,debt,NEGATIVE,HIGH,Y,Revenue growth + leverage up + interest coverage low.,(revenue_yoy_growth > 8) AND (net_debt_to_ebitda > 2.5) AND (interest_coverage < 4),interest_coverage|net_debt_to_ebitda|revenue_yoy_growth,current_investments,CURRENT,Current quarter,Y,N,N,N,N,FINANCIAL_RESULT
debt_funded_growth,Debt-Funded Growth,debt,NEGATIVE,HIGH,Y,Revenue growth + leverage up + interest coverage low.,(revenue_yoy_growth > 8) AND (net_debt_to_ebitda > 2.5) AND (interest_coverage < 4),interest_coverage|net_debt_to_ebitda|revenue_yoy_growth,ebitda,TTM,Trailing 4 quarters,N,N,N,Y,N,FINANCIAL_RESULT
debt_funded_growth,Debt-Funded Growth,debt,NEGATIVE,HIGH,Y,Revenue growth + leverage up + interest coverage low.,(revenue_yoy_growth > 8) AND (net_debt_to_ebitda > 2.5) AND (interest_coverage < 4),interest_coverage|net_debt_to_ebitda|revenue_yoy_growth,revenue_from_operations,CURRENT,Current quarter,Y,N,N,N,N,FINANCIAL_RESULT
debt_funded_growth,Debt-Funded Growth,debt,NEGATIVE,HIGH,Y,Revenue growth + leverage up + interest coverage low.,(revenue_yoy_growth > 8) AND (net_debt_to_ebitda > 2.5) AND (interest_coverage < 4),interest_coverage|net_debt_to_ebitda|revenue_yoy_growth,revenue_from_operations,PY,Prior-year same quarter,N,Y,N,N,N,FINANCIAL_RESULT
valuation_rerating,Valuation Re-rating,valuation,MIXED,MEDIUM,Y,P/E expanded materially (above 30x).,pe_ratio > 30,pe_ratio,share_price_close,CURRENT,Current quarter,Y,N,N,N,N,MARKET_DATA
valuation_rerating,Valuation Re-rating,valuation,MIXED,MEDIUM,Y,P/E expanded materially (above 30x).,pe_ratio > 30,pe_ratio,eps_basic,TTM,Trailing 4 quarters,N,N,N,Y,N,FINANCIAL_RESULT
valuation_derating,Valuation De-rating,valuation,MIXED,MEDIUM,Y,P/E compressed below 10x.,pe_ratio < 10,pe_ratio,share_price_close,CURRENT,Current quarter,Y,N,N,N,N,MARKET_DATA
valuation_derating,Valuation De-rating,valuation,MIXED,MEDIUM,Y,P/E compressed below 10x.,pe_ratio < 10,pe_ratio,eps_basic,TTM,Trailing 4 quarters,N,N,N,Y,N,FINANCIAL_RESULT
positive_event_reaction,Positive Event Reaction,market_reaction,POSITIVE,MEDIUM,Y,Stock up >5% in event window.,event_price_reaction > 5,event_price_reaction,pre_event_close,CURRENT,Current quarter,Y,N,N,N,N,MARKET_DATA
positive_event_reaction,Positive Event Reaction,market_reaction,POSITIVE,MEDIUM,Y,Stock up >5% in event window.,event_price_reaction > 5,event_price_reaction,post_event_close,CURRENT,Current quarter,Y,N,N,N,N,MARKET_DATA
negative_event_reaction,Negative Event Reaction,market_reaction,NEGATIVE,HIGH,Y,Stock down >5% in event window.,event_price_reaction < -5,event_price_reaction,pre_event_close,CURRENT,Current quarter,Y,N,N,N,N,MARKET_DATA
negative_event_reaction,Negative Event Reaction,market_reaction,NEGATIVE,HIGH,Y,Stock down >5% in event window.,event_price_reaction < -5,event_price_reaction,post_event_close,CURRENT,Current quarter,Y,N,N,N,N,MARKET_DATA
volume_confirmation,Volume Confirmation,market_reaction,POSITIVE,MEDIUM,Y,Volume spike + positive reaction confirms move.,(volume_spike > 2) AND (event_price_reaction > 3),event_price_reaction|volume_spike,pre_event_close,CURRENT,Current quarter,Y,N,N,N,N,MARKET_DATA
volume_confirmation,Volume Confirmation,market_reaction,POSITIVE,MEDIUM,Y,Volume spike + positive reaction confirms move.,(volume_spike > 2) AND (event_price_reaction > 3),event_price_reaction|volume_spike,post_event_close,CURRENT,Current quarter,Y,N,N,N,N,MARKET_DATA
volume_confirmation,Volume Confirmation,market_reaction,POSITIVE,MEDIUM,Y,Volume spike + positive reaction confirms move.,(volume_spike > 2) AND (event_price_reaction > 3),event_price_reaction|volume_spike,volume,CURRENT,Current quarter,Y,N,N,N,N,MARKET_DATA
volume_confirmation,Volume Confirmation,market_reaction,POSITIVE,MEDIUM,Y,Volume spike + positive reaction confirms move.,(volume_spike > 2) AND (event_price_reaction > 3),event_price_reaction|volume_spike,avg_volume_20d,CURRENT,Current quarter,Y,N,N,N,N,MARKET_DATA
speculative_spike,Speculative Spike,market_reaction,MIXED,MEDIUM,Y,"Volume spike but small price move — likely positioning, not conviction.",(volume_spike > 3) AND (event_price_reaction < 2) AND (event_price_reaction > -2),event_price_reaction|volume_spike,pre_event_close,CURRENT,Current quarter,Y,N,N,N,N,MARKET_DATA
speculative_spike,Speculative Spike,market_reaction,MIXED,MEDIUM,Y,"Volume spike but small price move — likely positioning, not conviction.",(volume_spike > 3) AND (event_price_reaction < 2) AND (event_price_reaction > -2),event_price_reaction|volume_spike,post_event_close,CURRENT,Current quarter,Y,N,N,N,N,MARKET_DATA
speculative_spike,Speculative Spike,market_reaction,MIXED,MEDIUM,Y,"Volume spike but small price move — likely positioning, not conviction.",(volume_spike > 3) AND (event_price_reaction < 2) AND (event_price_reaction > -2),event_price_reaction|volume_spike,volume,CURRENT,Current quarter,Y,N,N,N,N,MARKET_DATA
speculative_spike,Speculative Spike,market_reaction,MIXED,MEDIUM,Y,"Volume spike but small price move — likely positioning, not conviction.",(volume_spike > 3) AND (event_price_reaction < 2) AND (event_price_reaction > -2),event_price_reaction|volume_spike,avg_volume_20d,CURRENT,Current quarter,Y,N,N,N,N,MARKET_DATA
promoter_buying,Promoter Buying,governance,POSITIVE,MEDIUM,Y,Promoter holding ticked up QoQ.,promoter_holding_change_qoq_bps > 50,promoter_holding_change_qoq_bps,promoter_holding_pct,CURRENT,Current quarter,Y,N,N,N,N,SHAREHOLDING_PATTERN
promoter_buying,Promoter Buying,governance,POSITIVE,MEDIUM,Y,Promoter holding ticked up QoQ.,promoter_holding_change_qoq_bps > 50,promoter_holding_change_qoq_bps,promoter_holding_pct,PQ,Prior quarter,N,N,Y,N,N,SHAREHOLDING_PATTERN
promoter_selling,Promoter Selling,governance,NEGATIVE,HIGH,Y,Promoter holding fell QoQ.,promoter_holding_change_qoq_bps < -50,promoter_holding_change_qoq_bps,promoter_holding_pct,CURRENT,Current quarter,Y,N,N,N,N,SHAREHOLDING_PATTERN
promoter_selling,Promoter Selling,governance,NEGATIVE,HIGH,Y,Promoter holding fell QoQ.,promoter_holding_change_qoq_bps < -50,promoter_holding_change_qoq_bps,promoter_holding_pct,PQ,Prior quarter,N,N,Y,N,N,SHAREHOLDING_PATTERN
pledge_risk,Promoter Pledge Risk,governance,NEGATIVE,HIGH,Y,Promoter pledge above 25% of holding.,promoter_pledge_pct > 25,promoter_pledge_pct,promoter_pledge_pct,CURRENT,Current quarter,Y,N,N,N,N,SHAREHOLDING_PATTERN
pledge_reduction,Pledge Reduction,governance,POSITIVE,MEDIUM,Y,Promoter pledge fell QoQ.,promoter_pledge_change_bps < -50,promoter_pledge_change_bps,promoter_pledge_pct,CURRENT,Current quarter,Y,N,N,N,N,SHAREHOLDING_PATTERN
pledge_reduction,Pledge Reduction,governance,POSITIVE,MEDIUM,Y,Promoter pledge fell QoQ.,promoter_pledge_change_bps < -50,promoter_pledge_change_bps,promoter_pledge_pct,PQ,Prior quarter,N,N,Y,N,N,SHAREHOLDING_PATTERN
fii_accumulation,FII Accumulation,governance,POSITIVE,MEDIUM,Y,FII holding rose QoQ.,fii_holding_change_qoq_bps > 50,fii_holding_change_qoq_bps,fii_holding_pct,CURRENT,Current quarter,Y,N,N,N,N,SHAREHOLDING_PATTERN
fii_accumulation,FII Accumulation,governance,POSITIVE,MEDIUM,Y,FII holding rose QoQ.,fii_holding_change_qoq_bps > 50,fii_holding_change_qoq_bps,fii_holding_pct,PQ,Prior quarter,N,N,Y,N,N,SHAREHOLDING_PATTERN
fii_exit,FII Exit,governance,NEGATIVE,MEDIUM,Y,FII holding fell QoQ.,fii_holding_change_qoq_bps < -50,fii_holding_change_qoq_bps,fii_holding_pct,CURRENT,Current quarter,Y,N,N,N,N,SHAREHOLDING_PATTERN
fii_exit,FII Exit,governance,NEGATIVE,MEDIUM,Y,FII holding fell QoQ.,fii_holding_change_qoq_bps < -50,fii_holding_change_qoq_bps,fii_holding_pct,PQ,Prior quarter,N,N,Y,N,N,SHAREHOLDING_PATTERN
governance_red_flag,Governance Red Flag,governance,NEGATIVE,CRITICAL,Y,Pledge high and rising or promoter selling materially.,((promoter_pledge_pct > 25) AND (promoter_pledge_change_bps > 100)) OR (promoter_holding_change_qoq_bps < -100),promoter_holding_change_qoq_bps|promoter_pledge_change_bps|promoter_pledge_pct,promoter_holding_pct,CURRENT,Current quarter,Y,N,N,N,N,SHAREHOLDING_PATTERN
governance_red_flag,Governance Red Flag,governance,NEGATIVE,CRITICAL,Y,Pledge high and rising or promoter selling materially.,((promoter_pledge_pct > 25) AND (promoter_pledge_change_bps > 100)) OR (promoter_holding_change_qoq_bps < -100),promoter_holding_change_qoq_bps|promoter_pledge_change_bps|promoter_pledge_pct,promoter_holding_pct,PQ,Prior quarter,N,N,Y,N,N,SHAREHOLDING_PATTERN
governance_red_flag,Governance Red Flag,governance,NEGATIVE,CRITICAL,Y,Pledge high and rising or promoter selling materially.,((promoter_pledge_pct > 25) AND (promoter_pledge_change_bps > 100)) OR (promoter_holding_change_qoq_bps < -100),promoter_holding_change_qoq_bps|promoter_pledge_change_bps|promoter_pledge_pct,promoter_pledge_pct,CURRENT,Current quarter,Y,N,N,N,N,SHAREHOLDING_PATTERN
governance_red_flag,Governance Red Flag,governance,NEGATIVE,CRITICAL,Y,Pledge high and rising or promoter selling materially.,((promoter_pledge_pct > 25) AND (promoter_pledge_change_bps > 100)) OR (promoter_holding_change_qoq_bps < -100),promoter_holding_change_qoq_bps|promoter_pledge_change_bps|promoter_pledge_pct,promoter_pledge_pct,PQ,Prior quarter,N,N,Y,N,N,SHAREHOLDING_PATTERN
guidance_upgrade,Guidance Upgrade,guidance,POSITIVE,MEDIUM,Y,Revenue guidance raised >2%.,revenue_guidance_revision_pct > 2,revenue_guidance_revision_pct,revenue_guidance_lower,CURRENT,Current quarter,Y,N,N,N,N,CONCALL|INVESTOR_PRESENTATION|ANNUAL_REPORT|PRESS_RELEASE
guidance_upgrade,Guidance Upgrade,guidance,POSITIVE,MEDIUM,Y,Revenue guidance raised >2%.,revenue_guidance_revision_pct > 2,revenue_guidance_revision_pct,revenue_guidance_upper,CURRENT,Current quarter,Y,N,N,N,N,CONCALL|INVESTOR_PRESENTATION|ANNUAL_REPORT|PRESS_RELEASE
guidance_downgrade,Guidance Downgrade,guidance,NEGATIVE,HIGH,Y,Revenue guidance cut >2%.,revenue_guidance_revision_pct < -2,revenue_guidance_revision_pct,revenue_guidance_lower,CURRENT,Current quarter,Y,N,N,N,N,CONCALL|INVESTOR_PRESENTATION|ANNUAL_REPORT|PRESS_RELEASE
guidance_downgrade,Guidance Downgrade,guidance,NEGATIVE,HIGH,Y,Revenue guidance cut >2%.,revenue_guidance_revision_pct < -2,revenue_guidance_revision_pct,revenue_guidance_upper,CURRENT,Current quarter,Y,N,N,N,N,CONCALL|INVESTOR_PRESENTATION|ANNUAL_REPORT|PRESS_RELEASE
management_confidence_improving,Management Confidence Improving,management_tone,POSITIVE,MEDIUM,Y,Confidence score rose meaningfully QoQ.,management_confidence_change_qoq > 10,management_confidence_change_qoq,concall_confidence_score,CURRENT,Current quarter,Y,N,N,N,N,CONCALL_TRANSCRIPT
management_confidence_improving,Management Confidence Improving,management_tone,POSITIVE,MEDIUM,Y,Confidence score rose meaningfully QoQ.,management_confidence_change_qoq > 10,management_confidence_change_qoq,concall_confidence_score,PQ,Prior quarter,N,N,Y,N,N,CONCALL_TRANSCRIPT
management_confidence_falling,Management Confidence Falling,management_tone,NEGATIVE,MEDIUM,Y,Confidence score fell QoQ.,management_confidence_change_qoq < -10,management_confidence_change_qoq,concall_confidence_score,CURRENT,Current quarter,Y,N,N,N,N,CONCALL_TRANSCRIPT
management_confidence_falling,Management Confidence Falling,management_tone,NEGATIVE,MEDIUM,Y,Confidence score fell QoQ.,management_confidence_change_qoq < -10,management_confidence_change_qoq,concall_confidence_score,PQ,Prior quarter,N,N,Y,N,N,CONCALL_TRANSCRIPT
high_uncertainty,High Management Uncertainty,management_tone,NEGATIVE,MEDIUM,Y,Concall language is unusually hedged.,management_uncertainty_score > 55,management_uncertainty_score,concall_uncertainty_score,CURRENT,Current quarter,Y,N,N,N,N,CONCALL_TRANSCRIPT
order_book_growth,Order Book Growth,order_book,POSITIVE,MEDIUM,Y,Order book grew materially YoY.,order_book_growth_yoy > 20,order_book_growth_yoy,closing_order_book,CURRENT,Current quarter,Y,N,N,N,N,INVESTOR_PRESENTATION|CONCALL|ANNUAL_REPORT|FINANCIAL_RESULT|PRESS_RELEASE
order_book_growth,Order Book Growth,order_book,POSITIVE,MEDIUM,Y,Order book grew materially YoY.,order_book_growth_yoy > 20,order_book_growth_yoy,closing_order_book,PY,Prior-year same quarter,N,Y,N,N,N,INVESTOR_PRESENTATION|CONCALL|ANNUAL_REPORT|FINANCIAL_RESULT|PRESS_RELEASE
book_to_bill_strength,Book-to-Bill Strength,order_book,POSITIVE,MEDIUM,Y,Book-to-bill above 1.2x.,book_to_bill > 1.2,book_to_bill,order_inflow,CURRENT,Current quarter,Y,N,N,N,N,INVESTOR_PRESENTATION|CONCALL|ANNUAL_REPORT|FINANCIAL_RESULT|PRESS_RELEASE
book_to_bill_strength,Book-to-Bill Strength,order_book,POSITIVE,MEDIUM,Y,Book-to-bill above 1.2x.,book_to_bill > 1.2,book_to_bill,revenue_from_operations,CURRENT,Current quarter,Y,N,N,N,N,FINANCIAL_RESULT
revenue_visibility_strong,Strong Revenue Visibility,order_book,POSITIVE,MEDIUM,Y,Order book covers >2x annualised revenue.,order_book_to_revenue > 2,order_book_to_revenue,closing_order_book,CURRENT,Current quarter,Y,N,N,N,N,INVESTOR_PRESENTATION|CONCALL|ANNUAL_REPORT|FINANCIAL_RESULT|PRESS_RELEASE
revenue_visibility_strong,Strong Revenue Visibility,order_book,POSITIVE,MEDIUM,Y,Order book covers >2x annualised revenue.,order_book_to_revenue > 2,order_book_to_revenue,revenue_from_operations,CURRENT,Current quarter,Y,N,N,N,N,FINANCIAL_RESULT
order_concentration_risk,Order Concentration Risk,order_book,NEGATIVE,HIGH,Y,Top customer orders > 30% of book.,order_concentration_pct > 30,order_concentration_pct,top_customer_orders,CURRENT,Current quarter,Y,N,N,N,N,INVESTOR_PRESENTATION|CONCALL|ANNUAL_REPORT|FINANCIAL_RESULT|PRESS_RELEASE
order_concentration_risk,Order Concentration Risk,order_book,NEGATIVE,HIGH,Y,Top customer orders > 30% of book.,order_concentration_pct > 30,order_concentration_pct,closing_order_book,CURRENT,Current quarter,Y,N,N,N,N,INVESTOR_PRESENTATION|CONCALL|ANNUAL_REPORT|FINANCIAL_RESULT|PRESS_RELEASE
order_cancellation_risk,Order Cancellation Risk,order_book,NEGATIVE,HIGH,Y,Cancellation rate above 10% of inflow.,order_cancellation_rate > 10,order_cancellation_rate,cancelled_orders,CURRENT,Current quarter,Y,N,N,N,N,INVESTOR_PRESENTATION|CONCALL|ANNUAL_REPORT|FINANCIAL_RESULT|PRESS_RELEASE
order_cancellation_risk,Order Cancellation Risk,order_book,NEGATIVE,HIGH,Y,Cancellation rate above 10% of inflow.,order_cancellation_rate > 10,order_cancellation_rate,order_inflow,CURRENT,Current quarter,Y,N,N,N,N,INVESTOR_PRESENTATION|CONCALL|ANNUAL_REPORT|FINANCIAL_RESULT|PRESS_RELEASE
booking_momentum,Booking Momentum,order_book,POSITIVE,MEDIUM,Y,Order inflow grew materially YoY.,order_inflow_growth_yoy > 15,order_inflow_growth_yoy,order_inflow,CURRENT,Current quarter,Y,N,N,N,N,INVESTOR_PRESENTATION|CONCALL|ANNUAL_REPORT|FINANCIAL_RESULT|PRESS_RELEASE
booking_momentum,Booking Momentum,order_book,POSITIVE,MEDIUM,Y,Order inflow grew materially YoY.,order_inflow_growth_yoy > 15,order_inflow_growth_yoy,order_inflow,PY,Prior-year same quarter,N,Y,N,N,N,INVESTOR_PRESENTATION|CONCALL|ANNUAL_REPORT|FINANCIAL_RESULT|PRESS_RELEASE
order_inflow_slowdown,Order Inflow Slowdown,order_book,NEGATIVE,MEDIUM,Y,Order inflow contracted YoY.,order_inflow_growth_yoy < 0,order_inflow_growth_yoy,order_inflow,CURRENT,Current quarter,Y,N,N,N,N,INVESTOR_PRESENTATION|CONCALL|ANNUAL_REPORT|FINANCIAL_RESULT|PRESS_RELEASE
order_inflow_slowdown,Order Inflow Slowdown,order_book,NEGATIVE,MEDIUM,Y,Order inflow contracted YoY.,order_inflow_growth_yoy < 0,order_inflow_growth_yoy,order_inflow,PY,Prior-year same quarter,N,Y,N,N,N,INVESTOR_PRESENTATION|CONCALL|ANNUAL_REPORT|FINANCIAL_RESULT|PRESS_RELEASE
operating_profit_momentum,Operating Profit Momentum,growth,POSITIVE,MEDIUM,Y,EBITDA grew materially YoY.,ebitda_growth_yoy > 8,ebitda_growth_yoy,ebitda,CURRENT,Current quarter,Y,N,N,N,N,FINANCIAL_RESULT
operating_profit_momentum,Operating Profit Momentum,growth,POSITIVE,MEDIUM,Y,EBITDA grew materially YoY.,ebitda_growth_yoy > 8,ebitda_growth_yoy,ebitda,PY,Prior-year same quarter,N,Y,N,N,N,FINANCIAL_RESULT
shareholder_earnings_growth,Shareholder Earnings Growth,growth,POSITIVE,MEDIUM,Y,EPS grew materially YoY.,eps_growth_yoy > 10,eps_growth_yoy,eps_basic,CURRENT,Current quarter,Y,N,N,N,N,FINANCIAL_RESULT
shareholder_earnings_growth,Shareholder Earnings Growth,growth,POSITIVE,MEDIUM,Y,EPS grew materially YoY.,eps_growth_yoy > 10,eps_growth_yoy,eps_basic,PY,Prior-year same quarter,N,Y,N,N,N,FINANCIAL_RESULT
eps_contraction,EPS Contraction,growth,NEGATIVE,HIGH,Y,EPS declined YoY.,eps_growth_yoy < 0,eps_growth_yoy,eps_basic,CURRENT,Current quarter,Y,N,N,N,N,FINANCIAL_RESULT
eps_contraction,EPS Contraction,growth,NEGATIVE,HIGH,Y,EPS declined YoY.,eps_growth_yoy < 0,eps_growth_yoy,eps_basic,PY,Prior-year same quarter,N,Y,N,N,N,FINANCIAL_RESULT
receivable_days_stress,Receivable Days Stress,working_capital,NEGATIVE,MEDIUM,Y,DSO above 90 days (quarter proxy).,dso > 90,dso,trade_receivables,AVG_2_OPENING_CLOSING,Avg opening/closing (CY+PY),Y,Y,N,N,Y,FINANCIAL_RESULT
receivable_days_stress,Receivable Days Stress,working_capital,NEGATIVE,MEDIUM,Y,DSO above 90 days (quarter proxy).,dso > 90,dso,revenue_from_operations,CURRENT,Current quarter,Y,N,N,N,N,FINANCIAL_RESULT
inventory_buildup_risk,Inventory Build-up Risk,working_capital,NEGATIVE,MEDIUM,Y,Days inventory outstanding above 120.,dio > 120,dio,inventory,AVG_2_OPENING_CLOSING,Avg opening/closing (CY+PY),Y,Y,N,N,Y,FINANCIAL_RESULT
inventory_buildup_risk,Inventory Build-up Risk,working_capital,NEGATIVE,MEDIUM,Y,Days inventory outstanding above 120.,dio > 120,dio,cogs,CURRENT,Current quarter,Y,N,N,N,N,FINANCIAL_RESULT
margin_strength,Margin Strength,margin,POSITIVE,MEDIUM,Y,EBITDA margin above 20%.,ebitda_margin > 20,ebitda_margin,ebitda,CURRENT,Current quarter,Y,N,N,N,N,FINANCIAL_RESULT
margin_strength,Margin Strength,margin,POSITIVE,MEDIUM,Y,EBITDA margin above 20%.,ebitda_margin > 20,ebitda_margin,revenue_from_operations,CURRENT,Current quarter,Y,N,N,N,N,FINANCIAL_RESULT
demand_tone_positive,Demand Tone Positive,management_tone,POSITIVE,MEDIUM,Y,Concall language references strong demand visibility.,concall_demand_score > 45,concall_demand_score,concall_demand_score,CURRENT,Current quarter,Y,N,N,N,N,CONCALL_TRANSCRIPT
demand_tone_negative,Demand Tone Negative,management_tone,NEGATIVE,MEDIUM,Y,Weak demand language on the concall.,(concall_demand_score < 15) AND (revenue_yoy_growth < 5),concall_demand_score|revenue_yoy_growth,concall_demand_score,CURRENT,Current quarter,Y,N,N,N,N,CONCALL_TRANSCRIPT
demand_tone_negative,Demand Tone Negative,management_tone,NEGATIVE,MEDIUM,Y,Weak demand language on the concall.,(concall_demand_score < 15) AND (revenue_yoy_growth < 5),concall_demand_score|revenue_yoy_growth,revenue_from_operations,CURRENT,Current quarter,Y,N,N,N,N,FINANCIAL_RESULT
demand_tone_negative,Demand Tone Negative,management_tone,NEGATIVE,MEDIUM,Y,Weak demand language on the concall.,(concall_demand_score < 15) AND (revenue_yoy_growth < 5),concall_demand_score|revenue_yoy_growth,revenue_from_operations,PY,Prior-year same quarter,N,Y,N,N,N,FINANCIAL_RESULT
margin_tone_pressure,Margin Tone Pressure,management_tone,NEGATIVE,MEDIUM,Y,Concall cites cost / margin headwinds.,concall_cost_pressure_score > 50,concall_cost_pressure_score,concall_cost_pressure_score,CURRENT,Current quarter,Y,N,N,N,N,CONCALL_TRANSCRIPT
margin_tone_confidence,Margin Tone Confidence,management_tone,POSITIVE,MEDIUM,Y,Concall language supportive of margins.,concall_margin_tone_score > 45,concall_margin_tone_score,concall_margin_tone_score,CURRENT,Current quarter,Y,N,N,N,N,CONCALL_TRANSCRIPT
pricing_power_signal,Pricing Power,management_tone,POSITIVE,MEDIUM,Y,Management cites pricing actions / pass-through.,concall_pricing_power_score > 40,concall_pricing_power_score,concall_pricing_power_score,CURRENT,Current quarter,Y,N,N,N,N,CONCALL_TRANSCRIPT
capex_expansion_intent,Capex Expansion Intent,management_tone,POSITIVE,MEDIUM,Y,Management signals expansionary capex.,concall_capex_intent_score > 40,concall_capex_intent_score,concall_capex_intent_score,CURRENT,Current quarter,Y,N,N,N,N,CONCALL_TRANSCRIPT
capex_caution,Capex Caution,management_tone,MIXED,LOW,Y,Limited capex / expansion language on concall.,concall_capex_intent_score < 15,concall_capex_intent_score,concall_capex_intent_score,CURRENT,Current quarter,Y,N,N,N,N,CONCALL_TRANSCRIPT
utilization_improving,Utilization Improving,operations,POSITIVE,MEDIUM,Y,Capacity utilization rose versus prior year.,capacity_utilization_change > 5,capacity_utilization_change,capacity_utilization_pct,CURRENT,Current quarter,Y,N,N,N,N,INVESTOR_PRESENTATION
utilization_improving,Utilization Improving,operations,POSITIVE,MEDIUM,Y,Capacity utilization rose versus prior year.,capacity_utilization_change > 5,capacity_utilization_change,capacity_utilization_pct,PY,Prior-year same quarter,N,Y,N,N,N,INVESTOR_PRESENTATION
segment_growth_driver,Segment Growth Driver,segment,POSITIVE,MEDIUM,Y,Primary segment revenue grew >15% YoY.,primary_segment_revenue_growth_yoy > 15,primary_segment_revenue_growth_yoy,primary_segment_revenue,CURRENT,Current quarter,Y,N,N,N,N,FINANCIAL_RESULT
segment_growth_driver,Segment Growth Driver,segment,POSITIVE,MEDIUM,Y,Primary segment revenue grew >15% YoY.,primary_segment_revenue_growth_yoy > 15,primary_segment_revenue_growth_yoy,primary_segment_revenue,PY,Prior-year same quarter,N,Y,N,N,N,FINANCIAL_RESULT
segment_margin_strength,Segment Margin Strength,segment,POSITIVE,MEDIUM,Y,Primary segment EBIT margin above 20%.,primary_segment_margin > 20,primary_segment_margin,primary_segment_ebit,CURRENT,Current quarter,Y,N,N,N,N,FINANCIAL_RESULT
segment_margin_strength,Segment Margin Strength,segment,POSITIVE,MEDIUM,Y,Primary segment EBIT margin above 20%.,primary_segment_margin > 20,primary_segment_margin,primary_segment_revenue,CURRENT,Current quarter,Y,N,N,N,N,FINANCIAL_RESULT
material_order_win,Material Order Win,order_book,POSITIVE,HIGH,Y,New order value exceeds 5% of TTM revenue.,new_order_to_ttm_revenue > 0.05,new_order_to_ttm_revenue,new_order_value,CURRENT,Current quarter,Y,N,N,N,N,PRESS_RELEASE
material_order_win,Material Order Win,order_book,POSITIVE,HIGH,Y,New order value exceeds 5% of TTM revenue.,new_order_to_ttm_revenue > 0.05,new_order_to_ttm_revenue,revenue_from_operations,TTM,Trailing 4 quarters,N,N,N,Y,N,FINANCIAL_RESULT
strategic_acquisition,Strategic Acquisition,strategic,MIXED,HIGH,Y,Acquisition value exceeds 5% of market cap.,acquisition_to_market_cap > 0.05,acquisition_to_market_cap,acquisition_value,CURRENT,Current quarter,Y,N,N,N,N,PRESS_RELEASE
strategic_acquisition,Strategic Acquisition,strategic,MIXED,HIGH,Y,Acquisition value exceeds 5% of market cap.,acquisition_to_market_cap > 0.05,acquisition_to_market_cap,market_cap,CURRENT,Current quarter,Y,N,N,N,N,MARKET_DATA
capacity_expansion,Capacity Expansion,operations,POSITIVE,MEDIUM,Y,New capacity addition above 10% of existing base.,capacity_addition_pct > 10,capacity_addition_pct,new_capacity,CURRENT,Current quarter,Y,N,N,N,N,PRESS_RELEASE
capacity_expansion,Capacity Expansion,operations,POSITIVE,MEDIUM,Y,New capacity addition above 10% of existing base.,capacity_addition_pct > 10,capacity_addition_pct,existing_capacity,CURRENT,Current quarter,Y,N,N,N,N,PRESS_RELEASE
dividend_payout_signal,Dividend Payout Signal,valuation,POSITIVE,MEDIUM,Y,Indicative dividend yield above 2%.,dividend_yield > 2,dividend_yield,dividend_per_share,CURRENT,Current quarter,Y,N,N,N,N,PRESS_RELEASE
dividend_payout_signal,Dividend Payout Signal,valuation,POSITIVE,MEDIUM,Y,Indicative dividend yield above 2%.,dividend_yield > 2,dividend_yield,share_price_close,CURRENT,Current quarter,Y,N,N,N,N,MARKET_DATA
tam_tailwind,TAM Tailwind,market_opportunity,POSITIVE,MEDIUM,Y,Addressable market grew >10% versus prior estimate.,tam_growth_pct > 10,tam_growth_pct,tam_market_size,CURRENT,Current quarter,Y,N,N,N,N,INVESTOR_PRESENTATION
tam_tailwind,TAM Tailwind,market_opportunity,POSITIVE,MEDIUM,Y,Addressable market grew >10% versus prior estimate.,tam_growth_pct > 10,tam_growth_pct,tam_market_size_prior,CURRENT,Current quarter,Y,N,N,N,N,INVESTOR_PRESENTATION
mix_shift_positive,Mix Shift Positive,business_quality,POSITIVE,MEDIUM,Y,High-margin revenue mix expanded >100 bps YoY.,mix_shift_bps > 100,mix_shift_bps,high_margin_revenue_pct,CURRENT,Current quarter,Y,N,N,N,N,INVESTOR_PRESENTATION
mix_shift_positive,Mix Shift Positive,business_quality,POSITIVE,MEDIUM,Y,High-margin revenue mix expanded >100 bps YoY.,mix_shift_bps > 100,mix_shift_bps,high_margin_revenue_pct,PY,Prior-year same quarter,N,Y,N,N,N,INVESTOR_PRESENTATION
client_concentration_risk,Client Concentration Risk,business_quality,NEGATIVE,HIGH,Y,Top client exceeds 25% of revenue.,top_client_revenue_pct > 25,top_client_revenue_pct,top_client_revenue_pct,CURRENT,Current quarter,Y,N,N,N,N,INVESTOR_PRESENTATION
region_concentration,Region Concentration,business_quality,NEGATIVE,MEDIUM,Y,Single region exceeds 70% of revenue.,region_revenue_pct > 70,region_revenue_pct,region_revenue_pct,CURRENT,Current quarter,Y,N,N,N,N,INVESTOR_PRESENTATION
target_execution_upside,Target Execution Upside,execution,POSITIVE,MEDIUM,Y,Management target >5% above current revenue run-rate.,target_gap_pct > 5,target_gap_pct,management_target_value,CURRENT,Current quarter,Y,N,N,N,N,INVESTOR_PRESENTATION
target_execution_upside,Target Execution Upside,execution,POSITIVE,MEDIUM,Y,Management target >5% above current revenue run-rate.,target_gap_pct > 5,target_gap_pct,revenue_from_operations,CURRENT,Current quarter,Y,N,N,N,N,FINANCIAL_RESULT
target_credibility_risk,Target Credibility Risk,execution,NEGATIVE,MEDIUM,Y,Management target more than 10% below current revenue.,target_gap_pct < -10,target_gap_pct,management_target_value,CURRENT,Current quarter,Y,N,N,N,N,INVESTOR_PRESENTATION
target_credibility_risk,Target Credibility Risk,execution,NEGATIVE,MEDIUM,Y,Management target more than 10% below current revenue.,target_gap_pct < -10,target_gap_pct,revenue_from_operations,CURRENT,Current quarter,Y,N,N,N,N,FINANCIAL_RESULT
management_caution,Cautious Management Tone,management,NEGATIVE,MEDIUM,N,Management commentary cautious on near-term outlook.,manual (not auto-fired),,,,,,,,,,
audit_redflag,Auditor / Notes Red Flag,red_flag,NEGATIVE,CRITICAL,N,Material item flagged in auditor's report or notes.,manual (not auto-fired),,,,,,,,,,
value_trap,Value Trap,valuation,NEGATIVE,HIGH,Y,Cheap on P/E but earnings quality weak.,(pe_ratio < 12) AND ((revenue_yoy_growth < 0) OR (cfo_to_pat < 0.5)),cfo_to_pat|pe_ratio|revenue_yoy_growth,cfo,CURRENT,Current quarter,Y,N,N,N,N,FINANCIAL_RESULT
value_trap,Value Trap,valuation,NEGATIVE,HIGH,Y,Cheap on P/E but earnings quality weak.,(pe_ratio < 12) AND ((revenue_yoy_growth < 0) OR (cfo_to_pat < 0.5)),cfo_to_pat|pe_ratio|revenue_yoy_growth,pat,CURRENT,Current quarter,Y,N,N,N,N,FINANCIAL_RESULT
value_trap,Value Trap,valuation,NEGATIVE,HIGH,Y,Cheap on P/E but earnings quality weak.,(pe_ratio < 12) AND ((revenue_yoy_growth < 0) OR (cfo_to_pat < 0.5)),cfo_to_pat|pe_ratio|revenue_yoy_growth,share_price_close,CURRENT,Current quarter,Y,N,N,N,N,MARKET_DATA
value_trap,Value Trap,valuation,NEGATIVE,HIGH,Y,Cheap on P/E but earnings quality weak.,(pe_ratio < 12) AND ((revenue_yoy_growth < 0) OR (cfo_to_pat < 0.5)),cfo_to_pat|pe_ratio|revenue_yoy_growth,eps_basic,TTM,Trailing 4 quarters,N,N,N,Y,N,FINANCIAL_RESULT
value_trap,Value Trap,valuation,NEGATIVE,HIGH,Y,Cheap on P/E but earnings quality weak.,(pe_ratio < 12) AND ((revenue_yoy_growth < 0) OR (cfo_to_pat < 0.5)),cfo_to_pat|pe_ratio|revenue_yoy_growth,revenue_from_operations,CURRENT,Current quarter,Y,N,N,N,N,FINANCIAL_RESULT
value_trap,Value Trap,valuation,NEGATIVE,HIGH,Y,Cheap on P/E but earnings quality weak.,(pe_ratio < 12) AND ((revenue_yoy_growth < 0) OR (cfo_to_pat < 0.5)),cfo_to_pat|pe_ratio|revenue_yoy_growth,revenue_from_operations,PY,Prior-year same quarter,N,Y,N,N,N,FINANCIAL_RESULT
rerating_candidate,Re-rating Candidate,valuation,POSITIVE,HIGH,Y,Cheap valuation + clean operating performance.,(pe_ratio < 18) AND (revenue_yoy_growth > 10) AND (cfo_to_pat > 0.8) AND (ebitda_margin_change_yoy_bps > 0),cfo_to_pat|ebitda_margin_change_yoy_bps|pe_ratio|revenue_yoy_growth,cfo,CURRENT,Current quarter,Y,N,N,N,N,FINANCIAL_RESULT
rerating_candidate,Re-rating Candidate,valuation,POSITIVE,HIGH,Y,Cheap valuation + clean operating performance.,(pe_ratio < 18) AND (revenue_yoy_growth > 10) AND (cfo_to_pat > 0.8) AND (ebitda_margin_change_yoy_bps > 0),cfo_to_pat|ebitda_margin_change_yoy_bps|pe_ratio|revenue_yoy_growth,pat,CURRENT,Current quarter,Y,N,N,N,N,FINANCIAL_RESULT
rerating_candidate,Re-rating Candidate,valuation,POSITIVE,HIGH,Y,Cheap valuation + clean operating performance.,(pe_ratio < 18) AND (revenue_yoy_growth > 10) AND (cfo_to_pat > 0.8) AND (ebitda_margin_change_yoy_bps > 0),cfo_to_pat|ebitda_margin_change_yoy_bps|pe_ratio|revenue_yoy_growth,ebitda,CURRENT,Current quarter,Y,N,N,N,N,FINANCIAL_RESULT
rerating_candidate,Re-rating Candidate,valuation,POSITIVE,HIGH,Y,Cheap valuation + clean operating performance.,(pe_ratio < 18) AND (revenue_yoy_growth > 10) AND (cfo_to_pat > 0.8) AND (ebitda_margin_change_yoy_bps > 0),cfo_to_pat|ebitda_margin_change_yoy_bps|pe_ratio|revenue_yoy_growth,revenue_from_operations,CURRENT,Current quarter,Y,N,N,N,N,FINANCIAL_RESULT
rerating_candidate,Re-rating Candidate,valuation,POSITIVE,HIGH,Y,Cheap valuation + clean operating performance.,(pe_ratio < 18) AND (revenue_yoy_growth > 10) AND (cfo_to_pat > 0.8) AND (ebitda_margin_change_yoy_bps > 0),cfo_to_pat|ebitda_margin_change_yoy_bps|pe_ratio|revenue_yoy_growth,ebitda,PY,Prior-year same quarter,N,Y,N,N,N,FINANCIAL_RESULT
rerating_candidate,Re-rating Candidate,valuation,POSITIVE,HIGH,Y,Cheap valuation + clean operating performance.,(pe_ratio < 18) AND (revenue_yoy_growth > 10) AND (cfo_to_pat > 0.8) AND (ebitda_margin_change_yoy_bps > 0),cfo_to_pat|ebitda_margin_change_yoy_bps|pe_ratio|revenue_yoy_growth,revenue_from_operations,PY,Prior-year same quarter,N,Y,N,N,N,FINANCIAL_RESULT
rerating_candidate,Re-rating Candidate,valuation,POSITIVE,HIGH,Y,Cheap valuation + clean operating performance.,(pe_ratio < 18) AND (revenue_yoy_growth > 10) AND (cfo_to_pat > 0.8) AND (ebitda_margin_change_yoy_bps > 0),cfo_to_pat|ebitda_margin_change_yoy_bps|pe_ratio|revenue_yoy_growth,share_price_close,CURRENT,Current quarter,Y,N,N,N,N,MARKET_DATA
rerating_candidate,Re-rating Candidate,valuation,POSITIVE,HIGH,Y,Cheap valuation + clean operating performance.,(pe_ratio < 18) AND (revenue_yoy_growth > 10) AND (cfo_to_pat > 0.8) AND (ebitda_margin_change_yoy_bps > 0),cfo_to_pat|ebitda_margin_change_yoy_bps|pe_ratio|revenue_yoy_growth,eps_basic,TTM,Trailing 4 quarters,N,N,N,Y,N,FINANCIAL_RESULT
turnaround,Turnaround,earnings_quality,POSITIVE,HIGH,Y,Margin expansion + PAT growth + improving management tone.,(ebitda_margin_change_yoy_bps > 75) AND (pat_growth_yoy > 12) AND (management_confidence_change_qoq > 5),ebitda_margin_change_yoy_bps|management_confidence_change_qoq|pat_growth_yoy,ebitda,CURRENT,Current quarter,Y,N,N,N,N,FINANCIAL_RESULT
turnaround,Turnaround,earnings_quality,POSITIVE,HIGH,Y,Margin expansion + PAT growth + improving management tone.,(ebitda_margin_change_yoy_bps > 75) AND (pat_growth_yoy > 12) AND (management_confidence_change_qoq > 5),ebitda_margin_change_yoy_bps|management_confidence_change_qoq|pat_growth_yoy,revenue_from_operations,CURRENT,Current quarter,Y,N,N,N,N,FINANCIAL_RESULT
turnaround,Turnaround,earnings_quality,POSITIVE,HIGH,Y,Margin expansion + PAT growth + improving management tone.,(ebitda_margin_change_yoy_bps > 75) AND (pat_growth_yoy > 12) AND (management_confidence_change_qoq > 5),ebitda_margin_change_yoy_bps|management_confidence_change_qoq|pat_growth_yoy,ebitda,PY,Prior-year same quarter,N,Y,N,N,N,FINANCIAL_RESULT
turnaround,Turnaround,earnings_quality,POSITIVE,HIGH,Y,Margin expansion + PAT growth + improving management tone.,(ebitda_margin_change_yoy_bps > 75) AND (pat_growth_yoy > 12) AND (management_confidence_change_qoq > 5),ebitda_margin_change_yoy_bps|management_confidence_change_qoq|pat_growth_yoy,revenue_from_operations,PY,Prior-year same quarter,N,Y,N,N,N,FINANCIAL_RESULT
turnaround,Turnaround,earnings_quality,POSITIVE,HIGH,Y,Margin expansion + PAT growth + improving management tone.,(ebitda_margin_change_yoy_bps > 75) AND (pat_growth_yoy > 12) AND (management_confidence_change_qoq > 5),ebitda_margin_change_yoy_bps|management_confidence_change_qoq|pat_growth_yoy,concall_confidence_score,CURRENT,Current quarter,Y,N,N,N,N,CONCALL_TRANSCRIPT
turnaround,Turnaround,earnings_quality,POSITIVE,HIGH,Y,Margin expansion + PAT growth + improving management tone.,(ebitda_margin_change_yoy_bps > 75) AND (pat_growth_yoy > 12) AND (management_confidence_change_qoq > 5),ebitda_margin_change_yoy_bps|management_confidence_change_qoq|pat_growth_yoy,concall_confidence_score,PQ,Prior quarter,N,N,Y,N,N,CONCALL_TRANSCRIPT
turnaround,Turnaround,earnings_quality,POSITIVE,HIGH,Y,Margin expansion + PAT growth + improving management tone.,(ebitda_margin_change_yoy_bps > 75) AND (pat_growth_yoy > 12) AND (management_confidence_change_qoq > 5),ebitda_margin_change_yoy_bps|management_confidence_change_qoq|pat_growth_yoy,pat,CURRENT,Current quarter,Y,N,N,N,N,FINANCIAL_RESULT
turnaround,Turnaround,earnings_quality,POSITIVE,HIGH,Y,Margin expansion + PAT growth + improving management tone.,(ebitda_margin_change_yoy_bps > 75) AND (pat_growth_yoy > 12) AND (management_confidence_change_qoq > 5),ebitda_margin_change_yoy_bps|management_confidence_change_qoq|pat_growth_yoy,pat,PY,Prior-year same quarter,N,Y,N,N,N,FINANCIAL_RESULT
narrative_mismatch,Narrative Mismatch,management_tone,NEGATIVE,HIGH,Y,Confident commentary paired with weak metrics.,(management_confidence_score > 65) AND ((revenue_yoy_growth < 5) OR (ebitda_margin_change_yoy_bps < -75)),ebitda_margin_change_yoy_bps|management_confidence_score|revenue_yoy_growth,ebitda,CURRENT,Current quarter,Y,N,N,N,N,FINANCIAL_RESULT
narrative_mismatch,Narrative Mismatch,management_tone,NEGATIVE,HIGH,Y,Confident commentary paired with weak metrics.,(management_confidence_score > 65) AND ((revenue_yoy_growth < 5) OR (ebitda_margin_change_yoy_bps < -75)),ebitda_margin_change_yoy_bps|management_confidence_score|revenue_yoy_growth,revenue_from_operations,CURRENT,Current quarter,Y,N,N,N,N,FINANCIAL_RESULT
narrative_mismatch,Narrative Mismatch,management_tone,NEGATIVE,HIGH,Y,Confident commentary paired with weak metrics.,(management_confidence_score > 65) AND ((revenue_yoy_growth < 5) OR (ebitda_margin_change_yoy_bps < -75)),ebitda_margin_change_yoy_bps|management_confidence_score|revenue_yoy_growth,ebitda,PY,Prior-year same quarter,N,Y,N,N,N,FINANCIAL_RESULT
narrative_mismatch,Narrative Mismatch,management_tone,NEGATIVE,HIGH,Y,Confident commentary paired with weak metrics.,(management_confidence_score > 65) AND ((revenue_yoy_growth < 5) OR (ebitda_margin_change_yoy_bps < -75)),ebitda_margin_change_yoy_bps|management_confidence_score|revenue_yoy_growth,revenue_from_operations,PY,Prior-year same quarter,N,Y,N,N,N,FINANCIAL_RESULT
narrative_mismatch,Narrative Mismatch,management_tone,NEGATIVE,HIGH,Y,Confident commentary paired with weak metrics.,(management_confidence_score > 65) AND ((revenue_yoy_growth < 5) OR (ebitda_margin_change_yoy_bps < -75)),ebitda_margin_change_yoy_bps|management_confidence_score|revenue_yoy_growth,concall_confidence_score,CURRENT,Current quarter,Y,N,N,N,N,CONCALL_TRANSCRIPT
